id,outcome
1235,lived
1236,lived
1237,lived
1238,euthanized
1239,lived
1240,died
1241,died
1242,died
1243,died
1244,lived
1245,lived
1246,lived
1247,lived
1248,lived
1249,died
1250,lived
1251,lived
1252,died
1253,died
1254,died
1255,died
1256,died
1257,died
1258,died
1259,died
1260,died
1261,died
1262,died
1263,lived
1264,died
1265,lived
1266,died
1267,died
1268,lived
1269,lived
1270,died
1271,died
1272,lived
1273,died
1274,lived
1275,died
1276,died
1277,died
1278,lived
1279,died
1280,lived
1281,died
1282,lived
1283,died
1284,died
1285,died
1286,lived
1287,died
1288,died
1289,lived
1290,lived
1291,died
1292,died
1293,died
1294,died
1295,died
1296,lived
1297,euthanized
1298,died
1299,died
1300,lived
1301,euthanized
1302,died
1303,lived
1304,died
1305,died
1306,died
1307,lived
1308,lived
1309,euthanized
1310,died
1311,euthanized
1312,euthanized
1313,died
1314,died
1315,died
1316,euthanized
1317,lived
1318,euthanized
1319,lived
1320,died
1321,died
1322,euthanized
1323,euthanized
1324,lived
1325,euthanized
1326,lived
1327,died
1328,euthanized
1329,lived
1330,died
1331,died
1332,died
1333,died
1334,died
1335,died
1336,lived
1337,lived
1338,euthanized
1339,euthanized
1340,euthanized
1341,died
1342,died
1343,lived
1344,lived
1345,died
1346,died
1347,died
1348,died
1349,lived
1350,euthanized
1351,lived
1352,died
1353,died
1354,lived
1355,died
1356,lived
1357,lived
1358,lived
1359,died
1360,lived
1361,died
1362,euthanized
1363,euthanized
1364,lived
1365,lived
1366,lived
1367,died
1368,euthanized
1369,died
1370,lived
1371,died
1372,euthanized
1373,died
1374,lived
1375,died
1376,died
1377,died
1378,died
1379,died
1380,died
1381,lived
1382,euthanized
1383,lived
1384,lived
1385,died
1386,died
1387,died
1388,lived
1389,died
1390,lived
1391,died
1392,died
1393,died
1394,euthanized
1395,lived
1396,died
1397,lived
1398,died
1399,died
1400,died
1401,died
1402,lived
1403,euthanized
1404,lived
1405,lived
1406,lived
1407,died
1408,lived
1409,lived
1410,died
1411,lived
1412,euthanized
1413,lived
1414,lived
1415,died
1416,lived
1417,lived
1418,died
1419,died
1420,lived
1421,lived
1422,died
1423,euthanized
1424,lived
1425,lived
1426,lived
1427,died
1428,died
1429,lived
1430,died
1431,died
1432,lived
1433,died
1434,died
1435,euthanized
1436,lived
1437,lived
1438,lived
1439,euthanized
1440,lived
1441,lived
1442,died
1443,euthanized
1444,lived
1445,lived
1446,lived
1447,lived
1448,lived
1449,died
1450,euthanized
1451,lived
1452,euthanized
1453,lived
1454,lived
1455,died
1456,died
1457,euthanized
1458,died
1459,died
1460,died
1461,died
1462,lived
1463,died
1464,lived
1465,lived
1466,lived
1467,died
1468,lived
1469,died
1470,lived
1471,lived
1472,died
1473,died
1474,died
1475,euthanized
1476,died
1477,lived
1478,lived
1479,lived
1480,lived
1481,died
1482,died
1483,lived
1484,died
1485,died
1486,died
1487,died
1488,euthanized
1489,died
1490,died
1491,lived
1492,lived
1493,lived
1494,lived
1495,died
1496,died
1497,euthanized
1498,died
1499,died
1500,lived
1501,lived
1502,died
1503,lived
1504,lived
1505,lived
1506,died
1507,died
1508,lived
1509,lived
1510,lived
1511,died
1512,died
1513,died
1514,lived
1515,died
1516,lived
1517,died
1518,died
1519,died
1520,died
1521,died
1522,died
1523,lived
1524,died
1525,lived
1526,died
1527,died
1528,euthanized
1529,died
1530,died
1531,euthanized
1532,died
1533,lived
1534,died
1535,lived
1536,died
1537,lived
1538,lived
1539,euthanized
1540,lived
1541,euthanized
1542,euthanized
1543,euthanized
1544,died
1545,lived
1546,lived
1547,died
1548,died
1549,lived
1550,died
1551,lived
1552,died
1553,lived
1554,lived
1555,died
1556,died
1557,euthanized
1558,euthanized
1559,died
1560,died
1561,died
1562,lived
1563,died
1564,lived
1565,lived
1566,lived
1567,died
1568,died
1569,died
1570,died
1571,died
1572,lived
1573,lived
1574,lived
1575,lived
1576,lived
1577,died
1578,lived
1579,lived
1580,died
1581,lived
1582,died
1583,lived
1584,lived
1585,lived
1586,euthanized
1587,died
1588,died
1589,euthanized
1590,euthanized
1591,euthanized
1592,lived
1593,died
1594,died
1595,lived
1596,died
1597,died
1598,died
1599,lived
1600,lived
1601,lived
1602,lived
1603,lived
1604,lived
1605,died
1606,lived
1607,lived
1608,died
1609,lived
1610,died
1611,euthanized
1612,died
1613,died
1614,died
1615,died
1616,died
1617,lived
1618,died
1619,lived
1620,lived
1621,died
1622,died
1623,died
1624,died
1625,died
1626,died
1627,died
1628,euthanized
1629,died
1630,euthanized
1631,lived
1632,lived
1633,lived
1634,died
1635,euthanized
1636,died
1637,lived
1638,died
1639,died
1640,died
1641,lived
1642,lived
1643,died
1644,lived
1645,lived
1646,euthanized
1647,died
1648,died
1649,died
1650,died
1651,lived
1652,died
1653,lived
1654,died
1655,lived
1656,died
1657,lived
1658,died
1659,died
1660,died
1661,lived
1662,euthanized
1663,lived
1664,lived
1665,died
1666,euthanized
1667,euthanized
1668,died
1669,lived
1670,died
1671,lived
1672,lived
1673,lived
1674,died
1675,died
1676,lived
1677,lived
1678,died
1679,lived
1680,died
1681,died
1682,died
1683,died
1684,lived
1685,euthanized
1686,lived
1687,died
1688,died
1689,died
1690,lived
1691,euthanized
1692,lived
1693,died
1694,lived
1695,lived
1696,lived
1697,died
1698,died
1699,died
1700,lived
1701,lived
1702,lived
1703,died
1704,lived
1705,died
1706,died
1707,lived
1708,euthanized
1709,lived
1710,died
1711,lived
1712,lived
1713,lived
1714,died
1715,died
1716,died
1717,lived
1718,euthanized
1719,lived
1720,died
1721,died
1722,lived
1723,lived
1724,lived
1725,died
1726,died
1727,lived
1728,lived
1729,lived
1730,died
1731,died
1732,euthanized
1733,died
1734,lived
1735,lived
1736,euthanized
1737,euthanized
1738,lived
1739,lived
1740,died
1741,lived
1742,lived
1743,died
1744,died
1745,died
1746,died
1747,lived
1748,euthanized
1749,died
1750,lived
1751,euthanized
1752,lived
1753,died
1754,lived
1755,lived
1756,died
1757,lived
1758,lived
1759,lived
1760,died
1761,died
1762,euthanized
1763,lived
1764,died
1765,lived
1766,died
1767,lived
1768,euthanized
1769,lived
1770,died
1771,lived
1772,lived
1773,died
1774,died
1775,lived
1776,died
1777,died
1778,lived
1779,died
1780,died
1781,died
1782,died
1783,lived
1784,lived
1785,died
1786,lived
1787,lived
1788,died
1789,euthanized
1790,euthanized
1791,died
1792,died
1793,died
1794,euthanized
1795,lived
1796,lived
1797,lived
1798,died
1799,died
1800,died
1801,died
1802,lived
1803,died
1804,died
1805,died
1806,lived
1807,euthanized
1808,died
1809,lived
1810,lived
1811,euthanized
1812,died
1813,lived
1814,lived
1815,died
1816,lived
1817,died
1818,lived
1819,euthanized
1820,died
1821,lived
1822,lived
1823,lived
1824,lived
1825,lived
1826,died
1827,euthanized
1828,lived
1829,died
1830,euthanized
1831,lived
1832,died
1833,lived
1834,died
1835,euthanized
1836,died
1837,died
1838,lived
1839,died
1840,lived
1841,lived
1842,lived
1843,lived
1844,died
1845,euthanized
1846,lived
1847,died
1848,lived
1849,lived
1850,died
1851,lived
1852,euthanized
1853,lived
1854,died
1855,died
1856,died
1857,died
1858,euthanized
1859,euthanized
1860,lived
1861,lived
1862,died
1863,died
1864,lived
1865,died
1866,died
1867,lived
1868,died
1869,died
1870,died
1871,lived
1872,lived
1873,died
1874,lived
1875,lived
1876,euthanized
1877,euthanized
1878,lived
1879,died
1880,died
1881,died
1882,lived
1883,lived
1884,lived
1885,lived
1886,died
1887,lived
1888,died
1889,lived
1890,lived
1891,lived
1892,lived
1893,died
1894,lived
1895,died
1896,lived
1897,died
1898,died
1899,lived
1900,lived
1901,died
1902,died
1903,died
1904,euthanized
1905,died
1906,euthanized
1907,died
1908,died
1909,died
1910,died
1911,euthanized
1912,euthanized
1913,lived
1914,lived
1915,died
1916,euthanized
1917,lived
1918,lived
1919,lived
1920,lived
1921,lived
1922,died
1923,lived
1924,euthanized
1925,died
1926,lived
1927,euthanized
1928,lived
1929,died
1930,died
1931,lived
1932,lived
1933,died
1934,died
1935,died
1936,lived
1937,euthanized
1938,died
1939,died
1940,lived
1941,died
1942,lived
1943,lived
1944,lived
1945,lived
1946,died
1947,lived
1948,lived
1949,lived
1950,died
1951,died
1952,euthanized
1953,lived
1954,lived
1955,died
1956,died
1957,died
1958,lived
1959,lived
1960,lived
1961,died
1962,lived
1963,euthanized
1964,lived
1965,lived
1966,died
1967,lived
1968,lived
1969,lived
1970,lived
1971,lived
1972,died
1973,euthanized
1974,euthanized
1975,died
1976,lived
1977,euthanized
1978,lived
1979,died
1980,lived
1981,lived
1982,lived
1983,died
1984,died
1985,died
1986,lived
1987,died
1988,died
1989,lived
1990,lived
1991,lived
1992,lived
1993,lived
1994,died
1995,died
1996,died
1997,died
1998,euthanized
1999,lived
2000,lived
2001,died
2002,euthanized
2003,lived
2004,lived
2005,died
2006,died
2007,died
2008,died
2009,lived
2010,lived
2011,died
2012,died
2013,euthanized
2014,lived
2015,lived
2016,lived
2017,euthanized
2018,lived
2019,died
2020,lived
2021,euthanized
2022,died
2023,died
2024,euthanized
2025,died
2026,lived
2027,euthanized
2028,lived
2029,lived
2030,euthanized
2031,lived
2032,lived
2033,died
2034,lived
2035,died
2036,lived
2037,lived
2038,lived
2039,euthanized
2040,lived
2041,died
2042,lived
2043,lived
2044,euthanized
2045,euthanized
2046,died
2047,lived
2048,lived
2049,died
2050,euthanized
2051,died
2052,died
2053,died
2054,died
2055,euthanized
2056,died
2057,lived
2058,lived
